{
  "max-pipeline-region-insns": {
    "default": 200,
    "max": 0,
    "min": 0
  },
  "ipa-cp-loop-hint-bonus": {
    "default": 64,
    "max": 0,
    "min": 0
  },
  "lim-expensive": {
    "default": 20,
    "max": 0,
    "min": 0
  },
  "uninit-control-dep-attempts": {
    "default": 1000,
    "max": 0,
    "min": 1
  },
  "lto-partitions": {
    "default": 32,
    "max": 0,
    "min": 1
  },
  "max-inline-recursive-depth-auto": {
    "default": 8,
    "max": 0,
    "min": 0
  },
  "max-unroll-times": {
    "default": 8,
    "max": 0,
    "min": 0
  },
  "max-tail-merge-comparisons": {
    "default": 10,
    "max": 0,
    "min": 0
  },
  "early-inlining-insns": {
    "default": 11,
    "max": 0,
    "min": 0
  },
  "prefetch-latency": {
    "default": 200,
    "max": 0,
    "min": 0
  },
  "partial-inlining-entry-probability": {
    "default": 70,
    "max": 0,
    "min": 0
  },
  "integer-share-limit": {
    "default": 251,
    "max": 2,
    "min": 2
  },
  "tm-max-aggregate-size": {
    "default": 9,
    "max": 0,
    "min": 0
  },
  "ira-max-conflict-table-size": {
    "default": 1000,
    "max": 0,
    "min": 0
  },
  "asan-instrument-reads": {
    "default": 1,
    "max": 1,
    "min": 0
  },
  "lto-min-partition": {
    "default": 1000,
    "max": 0,
    "min": 0
  },
  "hot-bb-frequency-fraction": {
    "default": 1000,
    "max": 0,
    "min": 0
  },
  "min-vect-loop-bound": {
    "default": 1,
    "max": 0,
    "min": 1
  },
  "max-crossjump-edges": {
    "default": 100,
    "max": 0,
    "min": 0
  },
  "sms-dfa-history": {
    "default": 0,
    "max": 0,
    "min": 0
  },
  "tracer-max-code-growth": {
    "default": 100,
    "max": 0,
    "min": 0
  },
  "max-pipeline-region-blocks": {
    "default": 15,
    "max": 0,
    "min": 0
  },
  "gcse-after-reload-partial-fraction": {
    "default": 3,
    "max": 0,
    "min": 0
  },
  "asan-stack": {
    "default": 1,
    "max": 1,
    "min": 0
  },
  "asan-memintrin": {
    "default": 1,
    "max": 1,
    "min": 0
  },
  "large-function-insns": {
    "default": 2700,
    "max": 0,
    "min": 0
  },
  "scev-max-expr-size": {
    "default": 100,
    "max": 0,
    "min": 0
  },
  "iv-consider-all-candidates-bound": {
    "default": 30,
    "max": 0,
    "min": 0
  },
  "max-partial-antic-length": {
    "default": 100,
    "max": 0,
    "min": 0
  },
  "prefetch-min-insn-to-mem-ratio": {
    "default": 3,
    "max": 0,
    "min": 0
  },
  "min-crossjump-insns": {
    "default": 5,
    "max": 0,
    "min": 1
  },
  "asan-use-after-return": {
    "default": 1,
    "max": 1,
    "min": 0
  },
  "allow-load-data-races": {
    "default": 1,
    "max": 1,
    "min": 0
  },
  "max-jump-thread-duplication-stmts": {
    "default": 15,
    "max": 0,
    "min": 0
  },
  "tracer-min-branch-probability": {
    "default": 50,
    "max": 100,
    "min": 0
  },
  "l2-cache-size": {
    "default": 512,
    "max": 0,
    "min": 0
  },
  "max-cse-insns": {
    "default": 1000,
    "max": 0,
    "min": 0
  },
  "sched-pressure-algorithm": {
    "default": 1,
    "max": 2,
    "min": 1
  },
  "max-unrolled-insns": {
    "default": 200,
    "max": 0,
    "min": 0
  },
  "ipa-cp-value-list-size": {
    "default": 8,
    "max": 0,
    "min": 0
  },
  "graphite-max-nb-scop-params": {
    "default": 10,
    "max": 0,
    "min": 0
  },
  "max-completely-peel-times": {
    "default": 16,
    "max": 0,
    "min": 0
  },
  "min-inline-recursive-probability": {
    "default": 10,
    "max": 0,
    "min": 0
  },
  "max-stores-to-sink": {
    "default": 2,
    "max": 0,
    "min": 0
  },
  "sink-frequency-threshold": {
    "default": 75,
    "max": 100,
    "min": 0
  },
  "builtin-expect-probability": {
    "default": 90,
    "max": 100,
    "min": 0
  },
  "max-average-unrolled-insns": {
    "default": 80,
    "max": 0,
    "min": 0
  },
  "tracer-min-branch-ratio": {
    "default": 10,
    "max": 100,
    "min": 0
  },
  "inline-unit-growth": {
    "default": 30,
    "max": 0,
    "min": 0
  },
  "max-early-inliner-iterations": {
    "default": 1,
    "max": 0,
    "min": 0
  },
  "hot-bb-count-ws-permille": {
    "default": 999,
    "max": 1000,
    "min": 0
  },
  "max-gcse-memory": {
    "default": 52428800,
    "max": 0,
    "min": 0
  },
  "ggc-min-expand": {
    "default": 30,
    "max": 0,
    "min": 0
  },
  "tree-reassoc-width": {
    "default": 0,
    "max": 0,
    "min": 0
  },
  "max-once-peeled-insns": {
    "default": 400,
    "max": 0,
    "min": 0
  },
  "max-inline-recursive-depth": {
    "default": 8,
    "max": 0,
    "min": 0
  },
  "max-inline-insns-recursive": {
    "default": 450,
    "max": 0,
    "min": 0
  },
  "ira-loop-reserved-regs": {
    "default": 2,
    "max": 0,
    "min": 0
  },
  "align-loop-iterations": {
    "default": 4,
    "max": 0,
    "min": 0
  },
  "gcse-cost-distance-ratio": {
    "default": 10,
    "max": 0,
    "min": 0
  },
  "sched-mem-true-dep-cost": {
    "default": 1,
    "max": 0,
    "min": 0
  },
  "gcse-unrestricted-cost": {
    "default": 3,
    "max": 0,
    "min": 0
  },
  "max-inline-insns-recursive-auto": {
    "default": 450,
    "max": 0,
    "min": 0
  },
  "max-cse-path-length": {
    "default": 10,
    "max": 0,
    "min": 1
  },
  "switch-conversion-max-branch-ratio": {
    "default": 8,
    "max": 0,
    "min": 1
  },
  "max-tracked-strlens": {
    "default": 1000,
    "max": 0,
    "min": 0
  },
  "inline-min-speedup": {
    "default": 10,
    "max": 0,
    "min": 0
  },
  "max-cselib-memory-locations": {
    "default": 500,
    "max": 0,
    "min": 0
  },
  "max-tail-merge-iterations": {
    "default": 2,
    "max": 0,
    "min": 0
  },
  "max-inline-insns-auto": {
    "default": 40,
    "max": 0,
    "min": 0
  },
  "min-insn-to-prefetch-ratio": {
    "default": 9,
    "max": 0,
    "min": 0
  },
  "max-slsr-cand-scan": {
    "default": 50,
    "max": 999999,
    "min": 1
  },
  "min-nondebug-insn-uid": {
    "default": 0,
    "max": 0,
    "min": 1
  },
  "max-sched-region-blocks": {
    "default": 10,
    "max": 0,
    "min": 0
  },
  "vect-max-version-for-alignment-checks": {
    "default": 6,
    "max": 0,
    "min": 0
  },
  "max-vartrack-size": {
    "default": 50000000,
    "max": 0,
    "min": 0
  },
  "loop-max-datarefs-for-datadeps": {
    "default": 1000,
    "max": 0,
    "min": 0
  },
  "asan-instrument-writes": {
    "default": 1,
    "max": 1,
    "min": 0
  },
  "asan-globals": {
    "default": 1,
    "max": 1,
    "min": 0
  },
  "large-function-growth": {
    "default": 100,
    "max": 0,
    "min": 0
  },
  "max-last-value-rtl": {
    "default": 10000,
    "max": 0,
    "min": 0
  },
  "selsched-max-sched-times": {
    "default": 2,
    "max": 0,
    "min": 0
  },
  "sms-max-ii-factor": {
    "default": 100,
    "max": 0,
    "min": 0
  },
  "max-hoist-depth": {
    "default": 30,
    "max": 0,
    "min": 0
  },
  "comdat-sharing-probability": {
    "default": 20,
    "max": 0,
    "min": 0
  },
  "allow-store-data-races": {
    "default": 1,
    "max": 1,
    "min": 0
  },
  "omega-max-vars": {
    "default": 128,
    "max": 0,
    "min": 0
  },
  "iv-max-considered-uses": {
    "default": 250,
    "max": 0,
    "min": 0
  },
  "max-inline-insns-single": {
    "default": 400,
    "max": 0,
    "min": 0
  },
  "simultaneous-prefetches": {
    "default": 3,
    "max": 0,
    "min": 0
  },
  "ipa-max-agg-items": {
    "default": 16,
    "max": 0,
    "min": 0
  },
  "max-peel-times": {
    "default": 16,
    "max": 0,
    "min": 0
  },
  "min-size-for-stack-sharing": {
    "default": 32,
    "max": 0,
    "min": 0
  },
  "ira-max-loops-num": {
    "default": 100,
    "max": 0,
    "min": 0
  },
  "tracer-dynamic-coverage": {
    "default": 75,
    "max": 100,
    "min": 0
  },
  "max-gcse-insertion-ratio": {
    "default": 20,
    "max": 0,
    "min": 0
  },
  "tracer-min-branch-probability-feedback": {
    "default": 80,
    "max": 100,
    "min": 0
  },
  "max-sched-insn-conflict-delay": {
    "default": 3,
    "max": 10,
    "min": 1
  },
  "max-peeled-insns": {
    "default": 100,
    "max": 0,
    "min": 0
  },
  "max-dse-active-local-stores": {
    "default": 5000,
    "max": 0,
    "min": 0
  },
  "max-variable-expansions-in-unroller": {
    "default": 1,
    "max": 0,
    "min": 0
  },
  "max-delay-slot-live-search": {
    "default": 333,
    "max": 0,
    "min": 0
  },
  "min-spec-prob": {
    "default": 40,
    "max": 0,
    "min": 0
  },
  "loop-invariant-max-bbs-in-loop": {
    "default": 10000,
    "max": 0,
    "min": 0
  },
  "selsched-insns-to-rename": {
    "default": 2,
    "max": 0,
    "min": 0
  },
  "max-completely-peel-loop-nest-depth": {
    "default": 8,
    "max": 0,
    "min": 0
  },
  "allow-packed-store-data-races": {
    "default": 1,
    "max": 1,
    "min": 0
  },
  "omega-eliminate-redundant-constraints": {
    "default": 0,
    "max": 1,
    "min": 0
  },
  "omega-max-geqs": {
    "default": 256,
    "max": 0,
    "min": 0
  },
  "l1-cache-line-size": {
    "default": 32,
    "max": 0,
    "min": 0
  },
  "case-values-threshold": {
    "default": 0,
    "max": 0,
    "min": 0
  },
  "max-pending-list-length": {
    "default": 32,
    "max": 0,
    "min": 0
  },
  "sccvn-max-alias-queries-per-access": {
    "default": 1000,
    "max": 0,
    "min": 0
  },
  "max-vartrack-expr-depth": {
    "default": 12,
    "max": 0,
    "min": 0
  },
  "loop-block-tile-size": {
    "default": 51,
    "max": 0,
    "min": 0
  },
  "sms-loop-average-count-threshold": {
    "default": 0,
    "max": 0,
    "min": 0
  },
  "vect-max-peeling-for-alignment": {
    "default": -1,
    "max": 64,
    "min": -1
  },
  "selsched-max-lookahead": {
    "default": 50,
    "max": 0,
    "min": 0
  },
  "omega-max-keys": {
    "default": 500,
    "max": 0,
    "min": 0
  },
  "sccvn-max-scc-size": {
    "default": 10000,
    "max": 0,
    "min": 10
  },
  "predictable-branch-outcome": {
    "default": 2,
    "max": 50,
    "min": 0
  },
  "ssp-buffer-size": {
    "default": 8,
    "max": 0,
    "min": 1
  },
  "max-delay-slot-insn-search": {
    "default": 100,
    "max": 0,
    "min": 0
  },
  "sms-min-sc": {
    "default": 2,
    "max": 1,
    "min": 1
  },
  "lra-max-considered-reload-pseudos": {
    "default": 500,
    "max": 0,
    "min": 0
  },
  "tracer-dynamic-coverage-feedback": {
    "default": 95,
    "max": 100,
    "min": 0
  },
  "omega-max-eqs": {
    "default": 128,
    "max": 0,
    "min": 0
  },
  "max-fields-for-field-sensitive": {
    "default": 0,
    "max": 0,
    "min": 0
  },
  "max-sched-region-insns": {
    "default": 100,
    "max": 0,
    "min": 0
  },
  "large-stack-frame-growth": {
    "default": 1000,
    "max": 0,
    "min": 0
  },
  "omega-max-wild-cards": {
    "default": 18,
    "max": 0,
    "min": 0
  },
  "max-sched-extend-regions-iters": {
    "default": 0,
    "max": 0,
    "min": 0
  },
  "max-unswitch-insns": {
    "default": 50,
    "max": 0,
    "min": 0
  },
  "ipcp-unit-growth": {
    "default": 10,
    "max": 0,
    "min": 0
  },
  "max-unswitch-level": {
    "default": 3,
    "max": 0,
    "min": 0
  },
  "l1-cache-size": {
    "default": 64,
    "max": 0,
    "min": 0
  },
  "max-grow-copy-bb-insns": {
    "default": 8,
    "max": 0,
    "min": 0
  },
  "max-iterations-computation-cost": {
    "default": 10,
    "max": 0,
    "min": 0
  },
  "ipa-cp-array-index-hint-bonus": {
    "default": 48,
    "max": 0,
    "min": 0
  },
  "ggc-min-heapsize": {
    "default": 4096,
    "max": 0,
    "min": 0
  },
  "align-threshold": {
    "default": 100,
    "max": 0,
    "min": 1
  },
  "graphite-max-bbs-per-function": {
    "default": 100,
    "max": 0,
    "min": 0
  },
  "max-vartrack-reverse-op-size": {
    "default": 50,
    "max": 0,
    "min": 0
  },
  "ipa-sra-ptr-growth-factor": {
    "default": 2,
    "max": 0,
    "min": 0
  },
  "max-completely-peeled-insns": {
    "default": 100,
    "max": 0,
    "min": 0
  },
  "ipa-cp-eval-threshold": {
    "default": 500,
    "max": 0,
    "min": 0
  },
  "large-stack-frame": {
    "default": 256,
    "max": 0,
    "min": 0
  },
  "max-modulo-backtrack-attempts": {
    "default": 40,
    "max": 0,
    "min": 0
  },
  "omega-hash-table-size": {
    "default": 550,
    "max": 0,
    "min": 0
  },
  "max-goto-duplication-insns": {
    "default": 8,
    "max": 0,
    "min": 0
  },
  "max-sched-ready-insns": {
    "default": 100,
    "max": 0,
    "min": 0
  },
  "max-iterations-to-track": {
    "default": 1000,
    "max": 0,
    "min": 0
  },
  "scev-max-expr-complexity": {
    "default": 10,
    "max": 0,
    "min": 0
  },
  "cxx-max-namespaces-for-diagnostic-help": {
    "default": 1000,
    "max": 0,
    "min": 0
  },
  "max-reload-search-insns": {
    "default": 100,
    "max": 0,
    "min": 0
  },
  "use-canonical-types": {
    "default": 1,
    "max": 1,
    "min": 0
  },
  "gcse-after-reload-critical-fraction": {
    "default": 10,
    "max": 0,
    "min": 0
  },
  "sched-state-edge-prob-cutoff": {
    "default": 10,
    "max": 100,
    "min": 0
  },
  "sched-spec-prob-cutoff": {
    "default": 40,
    "max": 100,
    "min": 0
  },
  "unlikely-bb-count-fraction": {
    "default": 20,
    "max": 10000,
    "min": 1
  },
  "slp-max-insns-in-bb": {
    "default": 1000,
    "max": 0,
    "min": 0
  },
  "max-peel-branches": {
    "default": 32,
    "max": 0,
    "min": 0
  },
  "large-unit-insns": {
    "default": 10000,
    "max": 0,
    "min": 0
  },
  "iv-always-prune-cand-set-bound": {
    "default": 10,
    "max": 0,
    "min": 0
  },
  "vect-max-version-for-alias-checks": {
    "default": 10,
    "max": 0,
    "min": 0
  },
  "max-predicted-iterations": {
    "default": 100,
    "max": 0,
    "min": 0
  },
  "allow-packed-load-data-races": {
    "default": 1,
    "max": 1,
    "min": 0
  }
}